fecha,tmax,tmin,tmed,prec,velmedia,racha,presMax,presMin,hrMedia,sol
2026-01-01,3.0,-4.3,-0.6,0.4,0.8,5.6,,,97.0,
2026-01-02,12.6,2.4,7.5,0.6,4.7,8.9,,,80.0,
2026-01-03,11.3,4.7,8.0,0.2,4.2,7.2,,,86.0,
2026-01-04,6.2,-2.4,1.9,0.4,4.2,9.7,,,82.0,
2026-01-05,2.1,-4.0,-1.0,1.2,2.5,11.9,,,71.0,
2026-01-06,4.4,-5.5,-0.6,0.0,1.4,8.3,,,71.0,
2026-01-07,6.5,-4.0,1.2,0.2,4.2,8.9,,,91.0,
2026-01-08,7.7,-0.2,3.8,1.2,5.3,15.8,,,88.0,
2026-01-09,9.2,0.1,4.6,0.0,7.8,16.7,,,76.0,
2026-01-10,7.4,-1.7,2.8,0.0,3.3,6.7,,,83.0,
2026-01-11,10.8,-0.2,5.3,0.0,3.1,6.4,,,86.0,
2026-01-12,11.9,1.3,6.6,0.0,3.9,11.7,,,79.0,
2026-01-13,10.5,4.9,7.7,2.6,7.5,16.1,,,75.0,
2026-01-14,10.6,2.7,6.6,0.0,1.7,5.3,,,84.0,
2026-01-15,8.1,0.7,4.4,10.2,5.8,13.1,,,88.0,
2026-01-16,7.7,3.8,5.8,5.0,1.9,6.4,,,90.0,
2026-01-17,3.9,-0.8,1.6,5.4,2.2,6.1,,,98.0,
2026-01-18,1.8,-3.3,-0.8,16.4,0.8,3.3,,,97.0,
2026-01-19,7.2,0.2,3.7,0.0,1.7,8.1,,,93.0,
2026-01-20,7.1,-1.6,2.8,0.2,1.7,6.4,,,93.0,
2026-01-21,11.4,4.1,7.8,3.2,8.3,20.3,,,85.0,
2026-01-22,7.4,2.0,4.7,1.2,7.5,14.7,,,83.0,
2026-01-23,7.6,0.1,3.8,1.8,7.8,18.1,,,82.0,
2026-01-24,4.4,-0.5,2.0,0.0,7.8,14.4,,,85.0,
2026-01-25,9.8,2.0,5.9,0.2,12.2,23.6,,,76.0,
2026-01-26,11.2,3.5,7.4,10.4,7.8,19.7,,,87.0,
2026-01-27,10.0,1.4,5.7,6.8,6.1,21.1,,,90.0,
2026-01-28,5.1,0.0,2.6,17.6,5.0,12.2,,,95.0,
2026-01-29,10.9,4.0,7.4,3.2,7.5,18.1,,,92.0,
2026-01-30,9.0,1.9,5.4,8.6,8.6,17.5,,,81.0,
2026-01-31,9.2,1.7,5.4,0.2,7.5,17.5,,,80.0,
2026-02-01,10.6,4.1,7.4,8.8,3.6,10.3,,,96.0,
2026-02-02,9.2,2.9,6.0,5.0,6.4,21.4,,,86.0,
2026-02-03,7.7,2.0,4.8,6.0,6.4,13.3,,,83.0,
2026-02-04,11.1,2.3,6.7,5.6,10.6,18.6,,,85.0,
2026-02-05,11.1,5.4,8.2,10.2,11.1,21.9,,,91.0,
2026-02-06,8.8,1.7,5.2,0.2,5.3,14.2,,,83.0,
2026-02-07,6.5,1.6,4.0,2.8,6.9,16.7,,,86.0,
2026-02-08,8.5,2.2,5.4,5.2,6.1,15.0,,,81.0,
2026-02-09,11.5,3.9,7.7,1.2,6.9,14.2,,,93.0,
2026-02-10,14.5,10.0,12.2,3.6,8.6,16.9,,,91.0,
2026-02-11,14.9,8.3,11.6,0.0,10.6,23.9,,,88.0,
2026-02-12,10.6,5.1,7.8,16.2,8.1,17.5,,,75.0,
2026-02-13,9.8,2.7,6.2,0.6,9.7,22.2,,,84.0,
2026-02-14,8.9,0.1,4.5,0.0,6.1,16.1,,,57.0,
2026-02-15,9.2,-0.7,4.2,0.0,7.2,14.2,,,86.0,
2026-02-16,13.4,7.1,10.2,0.0,11.7,18.6,,,85.0,
2026-02-17,14.5,6.5,10.5,0.0,6.9,11.9,,,78.0,
2026-02-18,12.6,4.7,8.6,0.8,7.2,20.8,,,84.0,
2026-02-19,9.5,0.4,5.0,0.0,6.1,12.8,,,71.0,
2026-02-20,12.2,-1.0,5.6,0.0,0.8,4.7,,,67.0,
2026-02-21,16.5,-1.8,7.4,0.0,1.9,5.8,,,63.0,
2026-02-22,18.1,-1.3,8.4,0.0,1.9,4.2,,,60.0,
2026-02-23,21.1,-0.1,10.5,0.0,1.4,5.0,,,52.0,
2026-02-24,21.6,1.0,11.3,0.0,4.2,11.1,,,52.0,
2026-02-25,19.0,2.8,10.9,0.0,4.7,8.6,,,57.0,
2026-02-26,22.1,2.5,12.3,0.0,2.2,6.4,,,51.0,
2026-02-27,14.3,4.3,9.3,0.0,2.8,9.4,,,67.0,
2026-02-28,14.3,3.3,8.8,0.0,1.7,5.6,,,66.0,
2026-03-01,16.9,-0.9,8.0,0.0,3.6,9.7,,,65.0,
2026-03-02,16.8,1.7,9.2,0.0,5.8,14.4,,,64.0,
2026-03-03,16.2,6.0,11.1,0.0,4.4,10.0,,,61.0,
2026-03-04,17.8,4.2,11.0,0.0,2.2,6.1,,,64.0,
2026-03-05,16.1,5.4,10.8,17.2,2.5,10.0,,,69.0,
2026-03-06,10.1,5.3,7.7,12.4,6.7,14.7,,,81.0,
2026-03-07,11.4,4.2,7.8,4.0,2.2,11.1,,,89.0,
2026-03-08,12.3,1.2,6.8,0.0,1.7,5.0,,,82.0,
2026-03-09,9.4,3.7,6.6,10.0,2.2,11.1,,,88.0,
2026-03-10,10.8,3.4,7.1,0.0,1.4,6.1,,,85.0,
2026-03-11,15.0,2.3,8.6,0.0,2.2,5.8,,,70.0,
2026-03-12,17.2,2.2,9.7,0.0,2.5,6.7,,,66.0,
2026-03-13,16.2,4.2,10.2,0.0,4.7,12.8,,,64.0,
2026-03-14,11.6,4.1,7.8,0.0,7.8,15.6,,,77.0,
2026-03-15,12.8,0.5,6.6,0.0,2.2,6.7,,,65.0,
2026-03-16,16.6,1.9,9.2,0.0,1.7,5.3,,,64.0,
2026-03-17,23.2,0.4,11.8,0.0,4.7,11.1,,,46.0,
2026-03-18,19.5,6.3,12.9,0.0,1.9,7.5,,,46.0,
2026-03-19,20.4,2.5,11.4,0.0,1.9,9.4,,,52.0,
2026-03-20,16.1,6.1,11.1,0.0,3.1,10.0,,,67.0,
2026-03-21,15.1,6.8,11.0,0.0,0.8,5.8,,,67.0,
2026-03-22,18.2,2.5,10.4,0.0,2.2,6.9,,,61.0,
2026-03-23,15.9,3.7,9.8,0.0,2.5,9.7,,,55.0,
2026-03-24,19.3,1.1,10.2,0.0,2.5,6.4,,,53.0,
2026-03-25,19.2,3.0,11.1,0.0,3.3,11.7,,,56.0,
2026-03-26,12.3,0.9,6.6,0.0,5.3,11.9,,,59.0,
2026-03-27,14.2,1.4,7.8,0.0,5.3,11.9,,,57.0,
2026-03-28,13.6,0.6,7.1,0.0,5.6,14.7,,,60.0,
2026-03-29,10.4,-1.1,4.6,0.0,6.1,16.7,,,53.0,
2026-03-30,16.0,0.9,8.4,0.0,2.5,11.1,,,57.0,
2026-03-31,15.8,3.1,9.4,0.0,4.4,12.2,,,66.0,
2026-04-01,16.5,3.1,9.8,0.0,3.6,12.2,,,58.0,
2026-04-02,16.7,0.1,8.4,0.0,2.2,8.9,,,59.0,
2026-04-03,18.4,1.1,9.8,0.0,1.7,7.8,,,53.0,
2026-04-04,23.9,2.5,13.2,0.0,1.7,9.2,,,50.0,
2026-04-05,25.9,6.9,16.4,0.0,1.7,7.5,,,45.0,
2026-04-06,26.1,6.5,16.3,0.0,6.7,13.3,,,40.0,
2026-04-07,21.7,11.0,16.4,4.2,7.5,19.7,,,59.0,
2026-04-08,15.9,8.2,12.0,0.2,2.8,8.9,,,73.0,
2026-04-09,26.6,4.8,15.7,0.0,1.9,8.3,,,55.0,
2026-04-10,28.5,9.1,18.8,0.0,4.2,11.7,,,41.0,
2026-04-11,18.0,6.7,12.4,0.0,3.3,9.4,,,70.0,
2026-04-12,14.7,4.2,9.4,0.0,3.6,10.8,,,51.0,
2026-04-13,14.2,-0.3,7.0,0.0,5.0,10.3,,,58.0,
2026-04-14,19.9,5.6,12.8,0.0,2.2,6.4,,,58.0,
2026-04-15,22.0,5.7,13.8,0.0,3.9,9.2,,,54.0,
2026-04-16,24.3,4.1,14.2,0.0,3.3,10.8,,,43.0,
2026-04-17,25.8,6.0,15.9,0.0,1.7,7.2,,,41.0,
2026-04-22,22.9,8.7,15.8,0.0,2.2,9.2,,,52.0,
2026-04-23,26.4,7.1,16.8,12.8,2.8,12.2,,,47.0,
2026-04-24,21.8,12.6,17.2,2.6,1.7,8.1,,,72.0,
2026-04-25,23.6,10.4,17.0,8.4,1.4,15.8,,,78.0,
2026-04-26,24.2,10.2,17.2,0.0,1.7,8.1,,,62.0,
2026-04-27,25.6,11.4,18.5,0.0,2.5,8.3,,,60.0,
2026-04-28,24.2,10.0,17.1,1.6,2.2,11.4,,,62.0,
2026-04-29,17.9,10.2,14.0,21.2,3.1,14.2,,,88.0,
2026-04-30,18.9,7.9,13.4,0.0,1.7,5.6,,,70.0,
2026-05-01,23.6,8.2,15.9,1.8,2.2,10.0,,,59.0,
2026-05-02,19.6,11.5,15.6,2.6,5.3,13.3,,,74.0,
2026-05-03,19.7,8.9,14.3,3.8,4.7,12.8,,,68.0,
2026-05-04,16.3,8.0,12.2,0.4,3.6,12.5,,,68.0,
2026-05-05,16.0,4.2,10.1,0.0,4.2,8.6,,,60.0,
2026-05-06,18.2,3.5,10.8,0.0,1.4,5.6,,,56.0,
2026-05-07,19.2,5.8,12.5,2.0,5.6,15.8,,,73.0,
2026-05-08,18.3,7.0,12.6,0.6,4.4,12.5,,,58.0,
2026-05-09,18.1,7.2,12.6,1.6,6.7,15.8,,,66.0,
2026-05-10,15.9,7.7,11.8,4.2,4.7,12.8,,,69.0,
2026-05-11,18.6,5.5,12.0,5.4,4.2,11.7,,,68.0,
2026-05-12,15.6,8.3,12.0,4.0,5.8,10.8,,,81.0,
2026-05-13,18.5,9.2,13.8,0.0,2.2,8.6,,,63.0,
2026-05-14,17.2,7.3,12.2,0.0,3.3,10.3,,,63.0,
2026-05-15,16.2,4.9,10.6,0.0,3.6,10.8,,,59.0,
2026-05-16,17.8,2.5,10.2,0.0,1.4,5.8,,,50.0,
2026-05-17,20.3,5.1,12.7,0.0,3.3,7.8,,,54.0,
2026-05-18,21.1,5.4,13.2,0.0,3.9,9.2,,,56.0,
2026-05-19,23.1,7.6,15.4,0.0,3.9,10.0,,,59.0,
2026-05-20,28.1,9.6,18.8,0.0,1.4,9.2,,,51.0,
2026-05-21,31.6,10.5,21.0,0.0,3.6,9.4,,,40.0,
2026-05-22,31.9,12.5,22.2,0.0,3.9,9.4,,,37.0,
2026-05-23,31.1,14.5,22.8,0.0,3.6,13.3,,,41.0,
2026-05-24,32.8,16.3,24.6,0.0,3.1,13.6,,,38.0,
2026-05-25,31.6,16.7,24.2,0.0,5.3,11.7,,,34.0,
2026-05-26,33.2,16.0,24.6,0.0,3.1,12.2,,,26.0,
2026-05-27,33.8,15.1,24.4,2.8,2.2,16.7,,,36.0,
2026-05-28,33.6,13.5,23.6,0.0,2.5,9.2,,,34.0,
2026-06-02,26.5,13.6,20.0,0.0,3.9,8.6,,,48.0,
2026-06-03,28.5,9.9,19.2,0.0,2.8,11.7,,,49.0,
2026-06-04,22.8,11.6,17.2,0.0,3.9,10.0,,,50.0,
2026-06-05,24.0,7.3,15.6,0.0,2.8,9.7,,,48.0,
2026-06-07,30.8,10.1,20.4,0.0,3.3,9.2,,,41.0,
2026-06-08,29.5,13.0,21.2,0.0,3.6,9.4,,,37.0,
2026-06-09,27.0,11.4,19.2,0.0,2.8,8.6,,,48.0,
2026-06-10,25.8,9.2,17.5,0.0,3.1,8.3,,,41.0,
2026-06-11,29.1,9.7,19.4,0.0,3.3,8.6,,,34.0,
2026-06-12,34.2,11.0,22.6,0.0,3.3,13.3,,,29.0,
2026-06-15,30.4,15.4,22.9,,1.7,13.6,,,54.0,
2026-06-17,33.5,17.5,25.5,0.0,3.1,10.0,,,40.0,
2026-06-18,34.2,15.9,25.0,0.0,1.9,16.4,,,43.0,
2026-06-20,35.0,19.0,27.0,0.0,3.9,12.8,,,41.0,
2026-06-21,38.7,21.5,30.1,0.0,4.4,11.1,,,28.0,
2026-06-22,38.1,23.0,30.6,,5.6,12.8,,,24.0,
2026-06-23,39.0,21.3,30.2,0.0,4.2,12.5,,,21.0,
2026-06-24,38.4,21.0,29.7,0.0,3.6,12.2,,,24.0,
2026-06-25,29.4,18.2,23.8,0.0,3.9,15.0,,,39.0,
2026-06-27,32.8,16.0,24.4,0.0,4.2,9.7,,,39.0,
2026-06-28,33.1,15.9,24.5,0.0,4.2,13.6,,,40.0,
2026-06-29,33.7,15.5,24.6,0.0,3.3,9.7,,,40.0,
2026-07-02,31.6,13.3,22.4,0.0,6.1,12.2,,,40.0,
2026-07-03,35.4,11.8,23.6,0.0,3.6,11.7,,,39.0,
2026-07-14,34.9,14.4,24.6,0.0,4.7,13.9,,,31.0,
2026-07-15,32.8,15.9,24.4,0.0,3.9,11.1,,,39.0,
2026-07-16,32.8,15.0,23.9,0.0,5.6,14.7,,,35.0,
2026-07-17,31.7,13.8,22.8,0.0,4.2,10.8,,,36.0,
2026-07-18,33.3,12.7,23.0,0.0,2.8,11.1,,,37.0,
2026-07-19,34.1,14.0,24.0,0.0,3.9,10.8,,,32.0,
2026-07-20,33.9,15.0,24.4,0.0,4.7,11.1,,,29.0,
2026-07-21,35.0,13.5,24.2,0.0,3.3,8.3,,,26.0,
2026-07-22,37.1,15.2,26.2,0.0,4.2,15.3,,,28.0,
2026-07-23,35.5,16.5,26.0,0.0,4.2,10.6,,,27.0,
2026-07-24,29.0,16.5,22.8,0.0,6.1,14.7,,,42.0,
2026-07-25,26.4,14.7,20.6,0.0,5.3,11.1,,,48.0,
2026-07-26,28.8,12.3,20.6,0.0,2.2,6.7,,,40.0,
2026-07-27,34.0,14.3,24.2,0.0,3.1,6.7,,,36.0,
2026-07-28,37.1,16.1,26.6,0.0,2.8,8.3,,,28.0,
2026-07-29,37.9,19.0,28.4,0.0,4.2,11.1,,,30.0,
2026-07-30,36.7,19.8,28.2,0.0,6.4,14.2,,,31.0,
2026-07-31,34.2,16.5,25.4,0.0,3.9,8.6,,,33.0,
2026-08-01,34.9,15.1,25.0,0.0,2.8,10.3,,,35.0,
2026-08-02,33.8,17.7,25.8,0.0,4.2,10.3,,,37.0,
2026-08-03,31.3,17.9,24.6,0.0,4.7,11.1,,,41.0,
2026-08-04,30.4,18.3,24.4,0.0,4.2,11.1,,,47.0,
2026-08-05,33.0,15.3,24.2,0.0,4.2,8.9,,,48.0,
2026-08-06,33.9,15.9,24.9,0.0,1.9,7.8,,,47.0,
2026-08-07,34.9,14.7,24.8,0.0,3.6,10.6,,,42.0,
2026-08-08,35.5,18.0,26.8,0.0,3.6,16.7,,,35.0,
2026-08-09,32.4,16.8,24.6,0.0,3.9,14.2,,,34.0,
2026-08-10,34.2,13.7,24.0,0.0,2.5,7.2,,,37.0,
2026-08-11,35.1,14.6,24.8,0.0,1.7,9.4,,,36.0,
2026-08-12,37.0,17.3,27.2,0.0,2.8,8.6,,,28.0,
2026-08-13,37.9,17.8,27.8,0.0,2.5,6.9,,,27.0,
2026-08-14,36.6,19.5,28.0,4.6,2.8,17.8,,,40.0,
2026-08-15,29.9,17.0,23.4,0.0,4.7,15.3,,,50.0,
2026-08-16,32.7,15.6,24.2,0.0,2.2,6.4,,,44.0,
2026-08-17,35.6,15.3,25.4,0.0,1.7,7.2,,,36.0,
2026-08-18,37.7,16.3,27.0,0.0,2.2,6.7,,,29.0,
2026-08-19,35.0,21.0,28.0,0.0,6.4,12.2,,,42.0,
2026-08-20,28.3,17.3,22.8,0.0,4.7,12.2,,,52.0,
2026-08-21,28.3,14.1,21.2,0.0,1.9,5.6,,,51.0,
2026-08-22,31.6,13.6,22.6,0.0,2.5,10.6,,,44.0,
2026-08-23,31.4,13.7,22.6,0.0,5.0,12.8,,,36.0,
2026-08-24,25.2,16.0,20.6,0.8,6.1,16.4,,,60.0,
